slug,title,description,h1,intro,body
bitcoin-inheritance,Bitcoin Inheritance Protocol,Secure your BTC legacy using Shamir Secret Sharing.,How to Protect Your Bitcoin for the Next Generation,Bitcoin is the most secure asset on earth but also the easiest to lose. If your family can't find your keys your wealth disappears into the void.,Deadhand Protocol solves the "hit-by-a-bus" problem for Bitcoiners. By splitting your seed into three shards you ensure that no single person (including us) can steal your coins while guaranteeing your family has an emergency exit.
ethereum-inheritance,Ethereum Smart Vault,Secure your ETH and ERC-20 tokens for your heirs.,The Developer's Guide to Ethereum Succession Planning,Smart contracts are powerful but private keys are fragile. Don't let your ETH be locked in a dead wallet forever.,Our non-custodial system works with any BIP-39 seed phrase used by MetaMask or hardware wallets. Secure your DeFi positions and NFT collections for your bloodline.
solana-inheritance,Solana Death Switch,Ensure your Solana assets aren't lost to a dead wallet.,Speed Meets Sovereignty: The Solana Inheritance Guide,Solana moves fast but probate law moves slow. Ensure your SOL and tokens are transferred instantly and trustlessly.,Whether you use Phantom or Solflare Deadhand provides the ultimate dead man's switch. High-speed recovery for a high-speed ecosystem.
ledger-inheritance,Ledger Backup Recovery,Split your Ledger seed phrase safely without third-party trust.,The Sovereign Ledger Backup Strategy,Ledger is the gold standard for cold storage but your seed phrase is still a single point of failure.,Stop storing your 24 words on a single piece of metal. Split it into shards that only reveal the secret when combined. 2-of-3 SSS is the only way to sleep soundly.
trezor-inheritance,Trezor Seed Splitting,Advanced security for Trezor users using Deadhand SSS.,Protecting Your Trezor Legacy with Open Source Math,Trezor users value open-source transparency. Deadhand follows the same philosophy with a trustless inheritance protocol.,Use our CLI tools or web interface to secure your Trezor seed. No lock-in no proprietary formats just pure Shamir Secret Sharing.
argentina-crypto-laws,Crypto Inheritance in Argentina,Legal and technical guide to digital asset succession in Argentina.,Sucesión de Criptoactivos en Argentina: Guía Completa,La legislación argentina aún está descubriendo cómo manejar las llaves privadas. No dejes tu herencia digital al azar de los juzgados.,Deadhand permite una transferencia técnica inmediata que complementa cualquier testamento legal. Asegurá que tus herederos tengan acceso real mientras el papeleo sigue su curso.
us-crypto-laws,U.S. Crypto Probate Guide,Navigating U.S. probate law and private keys.,U.S. Digital Asset Succession: Federal and State Guidelines,Probate can take years and private keys don't belong in public court records.,Deadhand Protocol provides a technical bypass that ensures your beneficiaries receive the necessary shards without exposing your entire seed phrase to the legal system.
uk-crypto-laws,UK Digital Asset Law,Protecting your UK-based crypto legacy with decentralized tools.,UK Crypto Legacy: Inheritance Tax and Technical Access,UK HMRC has clear views on crypto but technical access remains a hurdle for many executors.,Bridge the gap between your Will and your Wallet. Deadhand ensures your UK-based heirs aren't locked out of their inheritance.
metamask-inheritance,MetaMask Inheritance Guide,How to secure your MetaMask wallet for your family.,MetaMask Security: Ensuring Your Family Can Access Your Web3 Wallet,MetaMask is the gateway to Web3 but it's also a single point of failure if you're the only one with the password.,Learn how to use Deadhand to split your MetaMask recovery phrase and give your family an autonomous emergency exit.
phantom-inheritance,Phantom Wallet Inheritance,Secure your Solana and Ethereum assets in Phantom.,Phantom Wallet Success: A Trustless Inheritance Plan,Phantom makes crypto easy but inheritance remains hard. Don't let your SOL and ETH be buried with you.,Setup a dead man's switch for your Phantom wallet in under 5 minutes. Mathematically proven security for your digital life.
coinbase-wallet-inheritance,Coinbase Wallet Inheritance,Secure your self-custody Coinbase wallet.,Moving Beyond Centralized Exchanges: Coinbase Wallet Inheritance,Self-custody means you are the bank. But a bank needs a succession plan.,If you use the Coinbase Wallet (self-custody) you have the same legacy risks as any other wallet. Deadhand provides the institutional-grade protection you need.
spain-crypto-laws,Herencia de Cripto en España,Guía sobre herencia digital y criptomonedas en España.,Criptomonedas y Sucesiones en España: Lo que Necesitas Saber,El impuesto de sucesiones y la custodia técnica son los dos grandes retos para los herederos españoles.,Asegurá el acceso técnico a tus activos con Deadhand mientras cumplís con tus obligaciones fiscales en España.
brazil-crypto-laws,Herança de Criptomoedas no Brasil,Guia técnico e jurídico sobre criptoactivos no Brasil.,Como Garantir a Herança de Bitcoin e Cripto no Brasil,A justiça brasileira está cada vez mais atenta aos ativos digitais mas o acesso técnico continua sendo responsabilidade do dono.,Use Deadhand para garantir que sua família receba seus ativos sem depender de ordens judiciais lentas ou corretoras.
bitcoin-cash-inheritance,Bitcoin Cash Inheritance,Secure your BCH legacy with trustless tools.,Bitcoin Cash: Generational Wealth Requires Generational Access,BCH is peer-to-peer electronic cash. Make sure it stays in your family long after you are gone.,Deadhand supports any BIP-39 seed including Bitcoin Cash. Secure your fast-moving cash for the next generation.
xrp-inheritance,XRP Inheritance Plan,Institutional-grade security for your XRP bags.,Securing Your XRP Legacy: The Institutional Dead Man's Switch,XRP is the asset of institutions. Your personal inheritance plan should be just as robust.,Use Deadhand to ensure your XRP holdings are never lost to the ledger. 2-of-3 SSS for the XRP Army.
cardano-inheritance,Cardano ADA Inheritance,Protect your ADA stakes for your heirs.,Cardano Sustainability: Securing Your ADA for the Future,ADA is built for the long term. Your custody strategy should be too.,Ensure your ADA stays staked and secure even if you disappear. Deadhand provides the trustless bridge to your family.
ledger-stax-inheritance,Ledger Stax Inheritance,The most advanced inheritance for the most advanced wallet.,Sovereign Security for Ledger Stax: Don't Let Your E-Ink Die,Ledger Stax is beautiful and secure but its recovery phrase is just as vulnerable as any other.,Deadhand is the perfect companion for Ledger Stax. Secure your high-end wallet's recovery phrase with high-end Shamir Secret Sharing.
trezor-safe-3-inheritance,Trezor Safe 3 Inheritance,Secure your Trezor Safe 3 assets for the next generation.,Trezor Safe 3: Institutional Security for Personal Assets,The opt-out Shamir backup is great but a managed dead man's switch is better.,Deadhand complements the Trezor Safe 3 security model by adding an autonomous check-in system that releases your secret only when you go silent.
trust-wallet-inheritance,Trust Wallet Inheritance,Secure your mobile Trust Wallet seeds.,Trust Wallet Legacy: Protecting Your Mobile Assets,Trust Wallet is the most popular mobile wallet but most users have NO inheritance plan.,Secure your 12-word seed phrase today. Deadhand turns your Trust Wallet into a generational vault with zero technical friction.
shamir-vs-multisig,Shamir vs Multi-sig Inheritance,Which one is better for digital inheritance?,The Truth: Why Shamir's Secret Sharing Wins for Inheritance,Multi-sig is great for teams but terrible for families. One mistake and the funds are lost forever.,Shamir's Secret Sharing (SSS) is more robust for inheritance because it allows for recovery without the complexity of cosigning. Deadhand makes SSS accessible to regular humans.
high-net-worth-bitcoin,Inheritance for 100+ BTC Holders,Institutional inheritance for high-value portfolios.,Securing $10M+ in Bitcoin: The Institutional Inheritance Protocol,When you hold significant wealth standard backup methods are a liability.,Deadhand provides the zero-trust protocol required to secure multi-million dollar digital legacies. Private shards global distribution and autonomous execution.
bitcoin-inheritance-lawsuit,How to Avoid Crypto Inheritance Lawsuits,The legal risks of poor digital asset planning.,Protect Your Family from Post-Mortem Legal Battles,The worst thing you can leave your family is a legal battle over a locked wallet. Lawyers are expensive and blockchains are heartless.,Deadhand Protocol ensures a clean technical transfer that happens outside the courtroom. No lawsuits no delays just code.
mexico-crypto-laws,Herencia de Cripto en México,Guía completa sobre impuestos y legalidad en México.,Sucesión Digital en México: Protege tus Bitcoins y Tokens,El SAT y las leyes de sucesión mexicanas están empezando a contemplar los activos digitales pero la custodia técnica sigue siendo el mayor reto.,Asegurá que tu familia en México tenga acceso inmediato a sus fondos sin depender de trámites burocráticos interminables con Deadhand.
colombia-crypto-laws,Herencia de Cripto en Colombia,Legislación de criptoactivos y herencia en Colombia.,¿Qué Pasa con tus Criptos en Colombia si llegas a Faltar?,En Colombia la adopción de cripto es masiva pero la educación sobre herencia es casi nula.,No dejes que el trabajo de años se pierda. Deadhand es la solución soberana para los colombianos que quieren proteger su legado digital.
ledger-recovery-phrase-split,Best Way to Split Ledger Recovery Phrase,Technical guide on seed phrase splitting for Ledger users.,The Ultimate Guide to Splitting Your Ledger 24-Word Seed,A single piece of paper is a disaster waiting to happen. Learn how to split your phrase securely.,Ledger users often forget that their hardware is just a gateway. The real asset is the seed. Deadhand's 2-of-3 SSS is the safest way to store that seed globally.
trezor-model-t-inheritance,Trezor Model T Inheritance Plan,Secure your Model T seed for your heirs.,Custom Inheritance Workflows for Trezor Model T Users,The Model T is the pinnacle of security but it doesn't solve for human mortality.,Combine the power of Trezor's hardware with Deadhand's autonomous heartbeat system. The perfect stack for local and generational security.
family-office-crypto-custody,Crypto Custody for Family Offices,Institutional-grade inheritance for managed wealth.,Securing the Digital Legacy of Family Offices,High-net-worth individuals require more than just a safe. They require a protocol.,Deadhand Protocol offers the zero-trust architecture needed by family offices to ensure seamless generational wealth transfer without custodial risk.
bitcoin-market-inheritance,The Bitcoin Market & Inheritance,How price volatility affects your legacy.,Bitcoin Market Analysis: Legacy Planning at {{ BTC_PRICE }},With Bitcoin currently trading at {{ BTC_PRICE }} your digital legacy has never been more valuable.,As the Bitcoin market matures your security strategy must evolve. Whether you use a Ledger or a Trezor the risk of physical seed loss remains the single greatest threat to your family's future. Deadhand Protocol ensures that even if you miss the next market cycle your heirs won't miss their inheritance. Our system works seamlessly with MetaMask and Phantom wallets to provide a universal safety net.
